,X value,Y value,Tijd,Z-value,Z-return,Z-return-%
0,2012-07-05 00:00:00+00:00,0.6041666666278616,2012-07-05 14:30:00+00:00,1.25077,0.0,-1.8244761227083988
1,2012-07-09 00:00:00+00:00,0.9895833333721384,2012-07-09 23:45:00+00:00,1.22795,-0.018413249380459476,0.26466875687120606
2,2012-07-17 00:00:00+00:00,0.6979166666278616,2012-07-17 16:45:00+00:00,1.2312,0.0026431912589033432,-1.0883690708252176
3,2012-07-17 00:00:00+00:00,0.9895833333721384,2012-07-17 23:45:00+00:00,1.2178,-0.010943351350195779,0.8318278863524365
4,2012-07-25 00:00:00+00:00,0.53125,2012-07-25 12:45:00+00:00,1.22793,0.008283872650537594,-0.25001425162671376
5,2012-08-02 00:00:00+00:00,0.11458333337213844,2012-08-02 02:45:00+00:00,1.22486,-0.0025032730915795424,0.36820534591708554
6,2012-08-02 00:00:00+00:00,0.6354166666278616,2012-08-02 15:15:00+00:00,1.22937,0.003675291294351059,-1.9082944923009375
7,2012-08-02 00:00:00+00:00,0.71875,2012-08-02 17:15:00+00:00,1.20591,-0.019267374391046813,0.6219369604696919
8,2012-08-06 00:00:00+00:00,0.11458333337213844,2012-08-06 02:45:00+00:00,1.21341,0.006200109142924804,-0.08488474629351055
9,2012-08-10 00:00:00+00:00,0.7395833333721384,2012-08-10 17:45:00+00:00,1.21238,-0.0008492079379494236,0.9427737178112514
10,2012-08-14 00:00:00+00:00,0.6354166666278616,2012-08-14 15:15:00+00:00,1.22381,0.00938357342315923,0.20591431676484548
11,2012-08-14 00:00:00+00:00,0.71875,2012-08-14 17:15:00+00:00,1.22633,0.002057026038172966,0.5838558952321199
12,2012-08-22 00:00:00+00:00,0.40625,2012-08-22 09:45:00+00:00,1.23349,0.0058215806209395305,-1.1941726321251012
13,2012-08-30 00:00:00+00:00,0.7083333333721384,2012-08-30 17:00:00+00:00,1.21876,-0.012013601517383262,0.14194755325084588
14,2012-09-07 00:00:00+00:00,0.9895833333721384,2012-09-07 23:45:00+00:00,1.22049,0.0014184690294732178,-0.20893247793919262
15,2012-09-11 00:00:00+00:00,0.42708333337213844,2012-09-11 10:15:00+00:00,1.21794,-0.002091510463341912,2.028014516314428
16,2012-09-19 00:00:00+00:00,0.47916666662786156,2012-09-19 11:30:00+00:00,1.24264,0.02007724170692025,-1.0807635356981953
17,2012-09-19 00:00:00+00:00,0.9895833333721384,2012-09-19 23:45:00+00:00,1.22921,-0.01086646208381411,0.17246849602591274
18,2012-09-27 00:00:00+00:00,0.9895833333721384,2012-09-27 23:45:00+00:00,1.23133,0.0017231993989913494,-0.2135901829728937
19,2012-10-05 00:00:00+00:00,0.90625,2012-10-05 21:45:00+00:00,1.2287,-0.0021381861213033253,0.5387808252624783
20,2012-10-17 00:00:00+00:00,0.9895833333721384,2012-10-17 23:45:00+00:00,1.23532,0.005373345937272846,-0.16594890392771794
21,2012-11-02 00:00:00+00:00,0.30208333337213844,2012-11-02 07:15:00+00:00,1.23327,-0.001660867516469172,-0.0024325573475554043
22,2012-11-06 00:00:00+00:00,0.9895833333721384,2012-11-06 23:45:00+00:00,1.23324,-2.4325869347097174e-05,-0.09162855567447159
23,2012-12-04 00:00:00+00:00,0.9895833333721384,2012-12-04 23:45:00+00:00,1.23211,-0.0009167056029632627,1.1533061171486356
24,2012-12-20 00:00:00+00:00,0.6979166666278616,2012-12-20 16:45:00+00:00,1.24632,0.011467062382154562,-0.0938763720392929
25,2012-12-28 00:00:00+00:00,0.41666666662786156,2012-12-28 10:00:00+00:00,1.24515,-0.0009392046350189852,0.8336345018672494
26,2013-01-09 00:00:00+00:00,0.8229166666278616,2013-01-09 19:45:00+00:00,1.25553,0.008301789605612236,-0.39744171784027854
27,2013-01-17 00:00:00+00:00,0.38541666662786156,2013-01-17 09:15:00+00:00,1.25054,-0.003982336163554599,2.474131175332254
28,2013-01-17 00:00:00+00:00,0.6354166666278616,2013-01-17 15:15:00+00:00,1.28148,0.024440201960242228,-0.3886131660267803
29,2013-01-25 00:00:00+00:00,0.5520833333721384,2013-01-25 13:15:00+00:00,1.2765,-0.0038937022899156624,0.3721112416764616
30,2013-02-06 00:00:00+00:00,0.3125,2013-02-06 07:30:00+00:00,1.28125,0.00371420620517985,-0.17951219512194877
31,2013-02-06 00:00:00+00:00,0.8125,2013-02-06 19:30:00+00:00,1.27895,-0.0017967351134670375,2.0821767856444686
32,2013-02-18 00:00:00+00:00,0.6770833333721384,2013-02-18 16:15:00+00:00,1.30558,0.020607957691808895,-0.2688460301168754
33,2013-02-26 00:00:00+00:00,0.22916666662786156,2013-02-26 05:30:00+00:00,1.30207,-0.0026920807008873624,0.20582610765934364
34,2013-02-26 00:00:00+00:00,0.48958333337213844,2013-02-26 11:45:00+00:00,1.30475,0.00205614575934976,-1.2094270933129048
35,2013-02-26 00:00:00+00:00,0.6979166666278616,2013-02-26 16:45:00+00:00,1.28897,-0.012168001710877846,0.1722305406642599
36,2013-03-14 00:00:00+00:00,0.8020833333721384,2013-03-14 19:15:00+00:00,1.29119,0.0017208239394678017,-0.123916697000445
37,2013-03-18 00:00:00+00:00,0.5,2013-03-18 12:00:00+00:00,1.28959,-0.001239935372245633,1.049946106902185
38,2013-03-18 00:00:00+00:00,0.875,2013-03-18 21:00:00+00:00,1.30313,0.010444724530393842,-1.1288206088417887
39,2013-03-18 00:00:00+00:00,0.9895833333721384,2013-03-18 23:45:00+00:00,1.28842,-0.011352401444236737,1.8169540988187203
40,2013-03-22 00:00:00+00:00,0.7395833333721384,2013-03-22 17:45:00+00:00,1.31183,0.018006447471950165,-1.648079400532079
41,2013-03-26 00:00:00+00:00,0.9895833333721384,2013-03-26 23:45:00+00:00,1.29021,-0.01661811313354965,0.19686717666116266
42,2013-04-15 00:00:00+00:00,0.21875,2013-04-15 05:15:00+00:00,1.29275,0.001966736471906417,-1.0945658479984612
43,2013-04-19 00:00:00+00:00,0.625,2013-04-19 15:00:00+00:00,1.2786,-0.011006002943704508,0.21351478179259514
44,2013-04-19 00:00:00+00:00,0.7083333333721384,2013-04-19 17:00:00+00:00,1.28133,0.002132871629247393,-0.6906885813958952
45,2013-05-01 00:00:00+00:00,0.65625,2013-05-01 15:45:00+00:00,1.27248,-0.006930848753048703,2.889632842952343
46,2013-05-21 00:00:00+00:00,0.45833333337213844,2013-05-21 11:00:00+00:00,1.30925,0.028486701950771902,-0.42237922474699524
47,2013-05-21 00:00:00+00:00,0.9895833333721384,2013-05-21 23:45:00+00:00,1.30372,-0.0042327376558620395,1.8125057527690027
48,2013-05-29 00:00:00+00:00,0.7395833333721384,2013-05-29 17:45:00+00:00,1.32735,0.017962756877733962,-0.6561946735977696
49,2013-06-06 00:00:00+00:00,0.8125,2013-06-06 19:30:00+00:00,1.31864,-0.006583570958368304,0.45956439968452
50,2013-06-18 00:00:00+00:00,0.6354166666278616,2013-06-18 15:15:00+00:00,1.3247,0.004585116267115192,-1.4675020759417152
51,2013-06-18 00:00:00+00:00,0.8125,2013-06-18 19:30:00+00:00,1.30526,-0.014783764061348088,0.1187502872990776
52,2013-07-12 00:00:00+00:00,0.4375,2013-07-12 10:30:00+00:00,1.30681,0.0011867983491484046,-0.04208722002433793
53,2013-07-12 00:00:00+00:00,0.8229166666278616,2013-07-12 19:45:00+00:00,1.30626,-0.0004209607918058299,1.8373065086583085
54,2013-07-16 00:00:00+00:00,0.65625,2013-07-16 15:45:00+00:00,1.33026,0.01820631964596332,0.04134530091862121
55,2013-08-01 00:00:00+00:00,0.39583333337213844,2013-08-01 09:30:00+00:00,1.33081,0.00041336756104247413,0.4839158106716963
56,2013-08-01 00:00:00+00:00,0.6979166666278616,2013-08-01 16:45:00+00:00,1.33725,0.004827487018143225,-0.4606468498784777
57,2013-08-05 00:00:00+00:00,0.46875,2013-08-05 11:15:00+00:00,1.33109,-0.004617110970183019,1.040500642330715
58,2013-08-09 00:00:00+00:00,0.9895833333721384,2013-08-09 23:45:00+00:00,1.34494,0.01035124693429485,0.30335925766205807
59,2013-08-21 00:00:00+00:00,0.9166666666278616,2013-08-21 22:00:00+00:00,1.34902,0.003029000519270154,0.6374998146802819
60,2013-09-26 00:00:00+00:00,0.48958333337213844,2013-09-26 11:45:00+00:00,1.35762,0.006354763796549925,-0.5826372622677983
61,2013-10-04 00:00:00+00:00,0.78125,2013-10-04 18:45:00+00:00,1.34971,-0.005843412149638142,0.24079246652984532
62,2013-10-08 00:00:00+00:00,0.9895833333721384,2013-10-08 23:45:00+00:00,1.35296,0.0024050302601101234,-1.4316757332071819
63,2013-10-24 00:00:00+00:00,0.41666666662786156,2013-10-24 10:00:00+00:00,1.33359,-0.014420230893592945,0.16196882100195262
64,2013-10-28 00:00:00+00:00,0.9895833333721384,2013-10-28 23:45:00+00:00,1.33575,0.001618377929710195,-2.1860378064757544
65,2013-11-05 00:00:00+00:00,0.6354166666278616,2013-11-05 15:15:00+00:00,1.30655,-0.022102856421974546,0.11021392216140874
66,2013-11-13 00:00:00+00:00,0.9895833333721384,2013-11-13 23:45:00+00:00,1.30799,0.0011015323120738697,-0.02599408252356723
67,2013-11-21 00:00:00+00:00,0.7083333333721384,2013-11-21 17:00:00+00:00,1.30765,-0.00025997461570784826,0.2967154819714836
68,2013-11-29 00:00:00+00:00,0.8125,2013-11-29 19:30:00+00:00,1.31153,0.0029627615041389194,-0.3179492653618298
69,2013-12-11 00:00:00+00:00,0.7083333333721384,2013-12-11 17:00:00+00:00,1.30736,-0.0031845579800138177,0.24859258352710614
70,2013-12-27 00:00:00+00:00,0.6145833333721384,2013-12-27 14:45:00+00:00,1.31061,0.0024828410329771917,-0.8202287484453832
71,2013-12-31 00:00:00+00:00,0.8645833333721384,2013-12-31 20:45:00+00:00,1.29986,-0.008236111326671784,0.22310094933299762
72,2014-01-16 00:00:00+00:00,0.7083333333721384,2014-01-16 17:00:00+00:00,1.30276,0.0022285244870124434,-0.8174951641131004
73,2014-01-24 00:00:00+00:00,0.59375,2014-01-24 14:15:00+00:00,1.29211,-0.008208549792428754,0.2902229686326953
74,2014-01-28 00:00:00+00:00,0.9895833333721384,2014-01-28 23:45:00+00:00,1.29586,0.002898026348488293,-0.189063633417195
75,2014-02-21 00:00:00+00:00,0.7395833333721384,2014-02-21 17:45:00+00:00,1.29341,-0.0018924258429419412,0.1182919569200819
76,2014-03-13 00:00:00+00:00,0.7708333333721384,2014-03-13 18:30:00+00:00,1.29494,0.0011822204711107644,-0.15444731030009126
77,2014-03-17 00:00:00+00:00,0.9895833333721384,2014-03-17 23:45:00+00:00,1.29294,-0.0015456670310687003,0.21656070660664176
78,2014-03-25 00:00:00+00:00,0.6041666666278616,2014-03-25 14:30:00+00:00,1.29574,0.0021632655190553223,-0.07177365829563612
79,2014-03-25 00:00:00+00:00,0.9895833333721384,2014-03-25 23:45:00+00:00,1.29481,-0.0007179942791703425,0.35989836346644577
80,2014-04-10 00:00:00+00:00,0.9895833333721384,2014-04-10 23:45:00+00:00,1.29947,0.0035925227900721096,-1.1358476917512437
81,2014-05-08 00:00:00+00:00,0.6458333333721384,2014-05-08 15:30:00+00:00,1.28471,-0.011423477087138045,0.062270862684957067
82,2014-06-09 00:00:00+00:00,0.9895833333721384,2014-06-09 23:45:00+00:00,1.28551,0.0006225148242834139,-0.055230997814096225
83,2014-06-17 00:00:00+00:00,0.6354166666278616,2014-06-17 15:15:00+00:00,1.2848,-0.0005524625574802215,1.9567247820672606
84,2014-07-03 00:00:00+00:00,0.6354166666278616,2014-07-03 15:15:00+00:00,1.30994,0.019378270427060553,-0.12366978640244414
85,2014-08-04 00:00:00+00:00,0.9895833333721384,2014-08-04 23:45:00+00:00,1.30832,-0.001237463205890753,0.2453528188822427
86,2014-09-17 00:00:00+00:00,0.8645833333721384,2014-09-17 20:45:00+00:00,1.31153,0.0024505232027442012,-0.23941503434920605
87,2014-09-17 00:00:00+00:00,0.9166666666278616,2014-09-17 22:00:00+00:00,1.30839,-0.0023970209040433585,0.2269965377295867
88,2014-09-25 00:00:00+00:00,0.7291666666278616,2014-09-25 17:30:00+00:00,1.31136,0.0022673928981124993,-0.8883906783797095
89,2014-10-07 00:00:00+00:00,0.48958333337213844,2014-10-07 11:45:00+00:00,1.29971,-0.008923603969286998,1.754237483746386
90,2014-10-07 00:00:00+00:00,0.9375,2014-10-07 22:30:00+00:00,1.32251,0.017390283499346647,-2.941376624751431
91,2014-10-15 00:00:00+00:00,0.6875,2014-10-15 16:30:00+00:00,1.28361,-0.029855025346216205,0.35602714220052706
92,2014-10-15 00:00:00+00:00,0.9895833333721384,2014-10-15 23:45:00+00:00,1.28818,0.0035539486584317574,-0.06210312223448074
93,2014-10-23 00:00:00+00:00,0.6354166666278616,2014-10-23 15:15:00+00:00,1.28738,-0.0006212241421113008,0.24235268529882487
94,2014-10-27 00:00:00+00:00,0.9895833333721384,2014-10-27 23:45:00+00:00,1.2905,0.002420594848024295,0.005424254165053428
95,2014-10-31 00:00:00+00:00,0.44791666662786156,2014-10-31 10:45:00+00:00,1.29057,5.424107057707379e-05,0.4594868933881921
96,2014-10-31 00:00:00+00:00,0.9583333333721384,2014-10-31 23:00:00+00:00,1.2965,0.00458434474947348,-0.20979560354801818
97,2014-11-04 00:00:00+00:00,0.7395833333721384,2014-11-04 17:45:00+00:00,1.29378,-0.002100159828089688,2.5313422683918487
98,2014-11-20 00:00:00+00:00,0.42708333337213844,2014-11-20 10:15:00+00:00,1.32653,0.024998344077950135,-0.48623099364507905
99,2014-11-28 00:00:00+00:00,0.45833333337213844,2014-11-28 11:00:00+00:00,1.32008,-0.004874169424030016,1.3029513362826575
100,2014-12-10 00:00:00+00:00,0.40625,2014-12-10 09:45:00+00:00,1.33728,0.012945359455001216,-0.1151591289782317
101,2014-12-18 00:00:00+00:00,0.46875,2014-12-18 11:15:00+00:00,1.33574,-0.001152254880537533,0.410259481635659
102,2014-12-18 00:00:00+00:00,0.9895833333721384,2014-12-18 23:45:00+00:00,1.34122,0.004094202120964829,-4.046316040619737
103,2015-01-15 00:00:00+00:00,0.5,2015-01-15 12:00:00+00:00,1.28695,-0.0413045696973835,1.4274058821244022
104,2015-01-15 00:00:00+00:00,0.5416666666278616,2015-01-15 13:00:00+00:00,1.30532,0.014173143622932026,-0.032176018141152125
105,2015-01-15 00:00:00+00:00,0.6145833333721384,2015-01-15 14:45:00+00:00,1.3049,-0.00032181195732525496,0.19771630009962657
106,2015-01-15 00:00:00+00:00,0.8541666666278616,2015-01-15 20:30:00+00:00,1.30748,0.0019752109867735004,0.13766940985713158
107,2015-01-23 00:00:00+00:00,0.625,2015-01-23 15:00:00+00:00,1.30928,0.0013757473240970802,0.2734327263839604
108,2015-01-23 00:00:00+00:00,0.6666666666278616,2015-01-23 16:00:00+00:00,1.31286,0.002730595791543337,0.16528799719695972
109,2015-01-23 00:00:00+00:00,0.7291666666278616,2015-01-23 17:30:00+00:00,1.31503,0.0016515154692345404,0.9110058325665651
110,2015-01-23 00:00:00+00:00,0.8229166666278616,2015-01-23 19:45:00+00:00,1.32701,0.009068812058990305,-0.2984152342484204
111,2015-01-27 00:00:00+00:00,0.44791666662786156,2015-01-27 10:45:00+00:00,1.32305,-0.002988613803081887,0.15192169608101322
112,2015-01-27 00:00:00+00:00,0.6979166666278616,2015-01-27 16:45:00+00:00,1.32506,0.001518064118187368,-0.3463994083286698
113,2015-01-27 00:00:00+00:00,0.75,2015-01-27 18:00:00+00:00,1.32047,-0.0034700076020028918,0.6664293774186403
114,2015-02-04 00:00:00+00:00,0.46875,2015-02-04 11:15:00+00:00,1.32927,0.006642185537929815,-0.267063877165658
115,2015-02-04 00:00:00+00:00,0.9270833333721384,2015-02-04 22:15:00+00:00,1.32572,-0.0026742112894014955,0.627583501795242
116,2015-02-12 00:00:00+00:00,0.6458333333721384,2015-02-12 15:30:00+00:00,1.33404,0.00625622397305276,-0.5966837576084651
117,2015-02-16 00:00:00+00:00,0.7708333333721384,2015-02-16 18:30:00+00:00,1.32608,-0.005984710282569714,0.9169884169884299
118,2015-02-20 00:00:00+00:00,0.9166666666278616,2015-02-20 22:00:00+00:00,1.33824,0.009128096049260128,-2.0108500717360105
119,2015-02-24 00:00:00+00:00,0.65625,2015-02-24 15:45:00+00:00,1.31133,-0.02031342846459387,3.0465252834908014
120,2015-03-12 00:00:00+00:00,0.42708333337213844,2015-03-12 10:15:00+00:00,1.35128,0.030010402036469385,0.087324610739444
121,2015-03-12 00:00:00+00:00,0.6145833333721384,2015-03-12 14:45:00+00:00,1.35246,0.0008728650498342107,0.42441181254899063
122,2015-03-12 00:00:00+00:00,0.7083333333721384,2015-03-12 17:00:00+00:00,1.3582,0.004235137257767235,-0.18995729642173662
123,2015-03-16 00:00:00+00:00,0.36458333337213844,2015-03-16 08:45:00+00:00,1.35562,-0.0019013794409927134,0.11950251545417999
124,2015-03-16 00:00:00+00:00,0.6666666666278616,2015-03-16 16:00:00+00:00,1.35724,0.0011943116803383566,-0.2917685891957181
125,2015-03-20 00:00:00+00:00,0.15625,2015-03-20 03:45:00+00:00,1.35328,-0.002921950634912916,2.0239713880349983
126,2015-03-20 00:00:00+00:00,0.6354166666278616,2015-03-20 15:15:00+00:00,1.38067,0.02003761329299398,-0.12457719802705684
127,2015-03-20 00:00:00+00:00,0.6666666666278616,2015-03-20 16:00:00+00:00,1.37895,-0.0012465485992443938,-0.02973276768554331
128,2015-03-20 00:00:00+00:00,0.8229166666278616,2015-03-20 19:45:00+00:00,1.37854,-0.0002973718874927123,-2.173313795754944
129,2015-03-24 00:00:00+00:00,0.125,2015-03-24 03:00:00+00:00,1.34858,-0.02197278109414296,0.04004211837638161
130,2015-03-24 00:00:00+00:00,0.46875,2015-03-24 11:15:00+00:00,1.34912,0.000400341036595987,-0.46030004743833375
131,2015-03-24 00:00:00+00:00,0.6041666666278616,2015-03-24 14:30:00+00:00,1.34291,-0.004613626902575317,0.42296207489704496
132,2015-04-01 00:00:00+00:00,0.6770833333721384,2015-04-01 16:15:00+00:00,1.34859,0.0042207010455936455,-0.6310294455690771
133,2015-04-01 00:00:00+00:00,0.7291666666278616,2015-04-01 17:30:00+00:00,1.34008,-0.006330288520420638,0.5037012715658792
134,2015-04-09 00:00:00+00:00,0.125,2015-04-09 03:00:00+00:00,1.34683,0.00502436940567857,0.09355300965972238
135,2015-04-09 00:00:00+00:00,0.6354166666278616,2015-04-09 15:15:00+00:00,1.34809,0.0009350927610554933,0.9368810687713669
136,2015-04-13 00:00:00+00:00,0.6666666666278616,2015-04-13 16:00:00+00:00,1.36072,0.009325195583670882,-0.13595743429948168
137,2015-04-13 00:00:00+00:00,0.6979166666278616,2015-04-13 16:45:00+00:00,1.35887,-0.0013604994027452935,1.4916805875470067
138,2015-04-17 00:00:00+00:00,0.39583333337213844,2015-04-17 09:30:00+00:00,1.37914,0.014806644479755483,-0.3828472816392789
139,2015-04-17 00:00:00+00:00,0.4375,2015-04-17 10:30:00+00:00,1.37386,-0.0038358201772216135,0.770093022578706
140,2015-04-21 00:00:00+00:00,0.65625,2015-04-21 15:45:00+00:00,1.38444,0.007671429421573826,-0.6970327352575726
141,2015-04-29 00:00:00+00:00,0.6458333333721384,2015-04-29 15:30:00+00:00,1.37479,-0.006994733563251741,0.21312345885554154
142,2015-04-29 00:00:00+00:00,0.71875,2015-04-29 17:15:00+00:00,1.37772,0.0021289667297740497,-1.471997212786348
143,2015-04-29 00:00:00+00:00,0.8125,2015-04-29 19:30:00+00:00,1.35744,-0.014829385957458,0.3580268741159894
144,2015-05-07 00:00:00+00:00,0.375,2015-05-07 09:00:00+00:00,1.3623,0.0035738748357522767,-0.5321882111135563
145,2015-05-07 00:00:00+00:00,0.42708333337213844,2015-05-07 10:15:00+00:00,1.35505,-0.005336093770012059,1.1910999594110785
146,2015-05-07 00:00:00+00:00,0.5,2015-05-07 12:00:00+00:00,1.37119,0.011840621932771795,-0.5068590056811975
147,2015-05-07 00:00:00+00:00,0.7916666666278616,2015-05-07 19:00:00+00:00,1.36424,-0.005081478930116261,0.19791239078169143
148,2015-05-11 00:00:00+00:00,0.40625,2015-05-11 09:45:00+00:00,1.36694,0.001977168022296965,-1.0731999941475092
149,2015-05-11 00:00:00+00:00,0.45833333337213844,2015-05-11 11:00:00+00:00,1.35227,-0.01079000322025222,1.636507502200003
150,2015-05-11 00:00:00+00:00,0.6875,2015-05-11 16:30:00+00:00,1.3744,0.01623261042328749,-0.0873108265424978
151,2015-05-15 00:00:00+00:00,0.41666666662786156,2015-05-15 10:00:00+00:00,1.3732,-0.0008734896464539931,1.3253713952810948
152,2015-05-15 00:00:00+00:00,0.7916666666278616,2015-05-15 19:00:00+00:00,1.3914,0.013166651906004079,-0.3068851516458241
153,2015-05-15 00:00:00+00:00,0.9895833333721384,2015-05-15 23:45:00+00:00,1.38713,-0.003073570097495818,0.3496427876262514
154,2015-05-19 00:00:00+00:00,0.7083333333721384,2015-05-19 17:00:00+00:00,1.39198,0.00349032958300993,-0.9245822497449631
155,2015-05-27 00:00:00+00:00,0.7395833333721384,2015-05-27 17:45:00+00:00,1.37911,-0.009288830415258426,0.16314869734827991
156,2015-06-04 00:00:00+00:00,0.47916666662786156,2015-06-04 11:30:00+00:00,1.38136,0.0016301575443782466,-0.28305438118954207
157,2015-06-04 00:00:00+00:00,0.84375,2015-06-04 20:15:00+00:00,1.37745,-0.0028345573765338125,0.3680714363497701
158,2015-06-08 00:00:00+00:00,0.44791666662786156,2015-06-08 10:45:00+00:00,1.38252,0.003673957110321444,-0.4296502039753535
159,2015-06-08 00:00:00+00:00,0.9895833333721384,2015-06-08 23:45:00+00:00,1.37658,-0.0043057585278370916,0.8666405148992428
160,2015-06-12 00:00:00+00:00,0.4375,2015-06-12 10:30:00+00:00,1.38851,0.008629067427359027,-0.6604201626203557
161,2015-06-12 00:00:00+00:00,0.75,2015-06-12 18:00:00+00:00,1.37934,-0.006626105859006776,1.3216465845984289
162,2015-06-16 00:00:00+00:00,0.42708333337213844,2015-06-16 10:15:00+00:00,1.39757,0.01312989034178052,-3.3064533440185526
163,2015-06-24 00:00:00+00:00,0.53125,2015-06-24 12:45:00+00:00,1.35136,-0.03362352147467947,0.5860762491120167
164,2015-06-24 00:00:00+00:00,0.9895833333721384,2015-06-24 23:45:00+00:00,1.35928,0.005843655031924652,-0.381084103348829
165,2015-07-02 00:00:00+00:00,0.9895833333721384,2015-07-02 23:45:00+00:00,1.3541,-0.0038181207887248328,0.20677941067867317
166,2015-07-06 00:00:00+00:00,0.10416666662786156,2015-07-06 02:30:00+00:00,1.3569,0.0020656591631288096,-0.17466283440194438
167,2015-07-06 00:00:00+00:00,0.32291666662786156,2015-07-06 07:45:00+00:00,1.35453,-0.0017481554777879452,0.7212833971931265
168,2015-07-06 00:00:00+00:00,0.36458333337213844,2015-07-06 08:45:00+00:00,1.3643,0.007186945894709338,-1.8602946566004512
169,2015-07-10 00:00:00+00:00,0.05208333337213844,2015-07-10 01:15:00+00:00,1.33892,-0.01877815774168749,0.23377050159829227
170,2015-07-10 00:00:00+00:00,0.5833333333721384,2015-07-10 14:00:00+00:00,1.34205,0.00233497683457374,-3.9901643008829764
171,2015-07-14 00:00:00+00:00,0.6979166666278616,2015-07-14 16:45:00+00:00,1.2885,-0.04071954456929497,0.5704307334109404
172,2015-07-30 00:00:00+00:00,0.11458333337213844,2015-07-30 02:45:00+00:00,1.29585,0.00568809938058311,-0.3418605548481641
173,2015-08-03 00:00:00+00:00,0.59375,2015-08-03 14:15:00+00:00,1.29142,-0.003424462332261602,0.05730126527388169
174,2015-08-11 00:00:00+00:00,0.16666666662786156,2015-08-11 04:00:00+00:00,1.29216,0.0005728485436767453,-1.6329247152055395
175,2015-08-11 00:00:00+00:00,0.46875,2015-08-11 11:15:00+00:00,1.27106,-0.016464038685493492,0.40202665491793843
176,2015-08-19 00:00:00+00:00,0.8854166666278616,2015-08-19 21:15:00+00:00,1.27617,0.004012206871762299,-1.9331280315318469
177,2015-08-27 00:00:00+00:00,0.47916666662786156,2015-08-27 11:30:00+00:00,1.2515,-0.01952057299885795,0.9380743108269964
178,2015-08-27 00:00:00+00:00,0.78125,2015-08-27 18:45:00+00:00,1.26324,0.009337017179404742,-0.06016275608751084
179,2015-08-31 00:00:00+00:00,0.39583333337213844,2015-08-31 09:30:00+00:00,1.26248,-0.0006018086113564014,0.4087193460490505
180,2015-08-31 00:00:00+00:00,0.9895833333721384,2015-08-31 23:45:00+00:00,1.26764,0.004078863574821028,-0.027610362563509547
181,2015-09-08 00:00:00+00:00,0.39583333337213844,2015-09-08 09:30:00+00:00,1.26729,-0.00027614174925871316,1.1883625689463402
182,2015-09-16 00:00:00+00:00,0.40625,2015-09-16 09:45:00+00:00,1.28235,0.011813569874912834,-0.32362459546926325
183,2015-09-16 00:00:00+00:00,0.9895833333721384,2015-09-16 23:45:00+00:00,1.2782,-0.003241493924171067,0.42794554842748284
184,2015-09-24 00:00:00+00:00,0.7604166666278616,2015-09-24 18:15:00+00:00,1.28367,0.004270324655368998,-1.6850125032134455
185,2015-09-28 00:00:00+00:00,0.9895833333721384,2015-09-28 23:45:00+00:00,1.26204,-0.016993703551612935,0.37558239041551505
186,2015-10-02 00:00:00+00:00,0.71875,2015-10-02 17:15:00+00:00,1.26678,0.003748788408109166,-0.17682628396406794
187,2015-10-14 00:00:00+00:00,0.9895833333721384,2015-10-14 23:45:00+00:00,1.26454,-0.0017698280617973372,0.4040995144479374
188,2015-10-30 00:00:00+00:00,0.6666666666278616,2015-10-30 16:00:00+00:00,1.26965,0.004032852253151963,-1.135746071752048
189,2015-11-19 00:00:00+00:00,0.6770833333721384,2015-11-19 16:15:00+00:00,1.25523,-0.011422449212578921,0.1593333492666684
190,2015-11-23 00:00:00+00:00,0.6979166666278616,2015-11-23 16:45:00+00:00,1.25723,0.0015920654835862144,-0.6347287290312909
191,2015-12-01 00:00:00+00:00,0.7291666666278616,2015-12-01 17:30:00+00:00,1.24925,-0.006367516966094213,0.25055033019812506
192,2015-12-09 00:00:00+00:00,0.9895833333721384,2015-12-09 23:45:00+00:00,1.25238,0.002502369761555613,-0.040722464427730434
193,2015-12-17 00:00:00+00:00,0.6145833333721384,2015-12-17 14:45:00+00:00,1.25187,-0.00040730758274994854,0.4153785936239283
194,2015-12-21 00:00:00+00:00,0.41666666662786156,2015-12-21 10:00:00+00:00,1.25707,0.004145182782980217,-1.0635843668212497
195,2015-12-29 00:00:00+00:00,0.6145833333721384,2015-12-29 14:45:00+00:00,1.2437,-0.010692808526404965,1.021950631181153
196,2016-01-06 00:00:00+00:00,0.36458333337213844,2016-01-06 08:45:00+00:00,1.25641,0.010167640221768453,-1.459714583615223
197,2016-01-06 00:00:00+00:00,0.875,2016-01-06 21:00:00+00:00,1.23807,-0.014704732424421392,0.5540882179521424
198,2016-01-14 00:00:00+00:00,0.59375,2016-01-14 14:15:00+00:00,1.24493,0.00552558796148847,0.016065160290135026
199,2016-01-18 00:00:00+00:00,0.36458333337213844,2016-01-18 08:45:00+00:00,1.24513,0.0001606386998145101,-0.5180181989029311
200,2016-01-22 00:00:00+00:00,0.75,2016-01-22 18:00:00+00:00,1.23868,-0.005193645648012119,-0.7960086543740095
201,2016-02-03 00:00:00+00:00,0.75,2016-02-03 18:00:00+00:00,1.22882,-0.007991937167712166,0.20588857603228472
202,2016-02-03 00:00:00+00:00,0.8645833333721384,2016-02-03 20:45:00+00:00,1.23135,0.0020567691597636498,-0.09420554675762781
203,2012-07-09 00:00:00+00:00,0.5416666666278616,2012-07-09 13:00:00+00:00,1.23019,-0.0009424994807068709,-0.1373771531226859
204,2012-07-13 00:00:00+00:00,0.6770833333721384,2012-07-13 16:15:00+00:00,1.2285,-0.0013747160204442338,-4.996336996336996
205,2012-07-17 00:00:00+00:00,0.8333333333721384,2012-07-17 20:00:00+00:00,1.16712,-0.051254737197593714,0.44896840084996686
206,2012-07-25 00:00:00+00:00,0.40625,2012-07-25 09:45:00+00:00,1.17236,0.004479635442615868,-0.5186120304343449
207,2012-07-25 00:00:00+00:00,0.5520833333721384,2012-07-25 13:15:00+00:00,1.16628,-0.0051996149028763665,0.5461810199951973
208,2012-08-02 00:00:00+00:00,0.6041666666278616,2012-08-02 14:30:00+00:00,1.17265,0.005446948604206688,-0.32831620688184104
209,2012-08-02 00:00:00+00:00,0.6770833333721384,2012-08-02 16:15:00+00:00,1.1688,-0.0032885634710964457,0.40811088295687376
210,2012-08-02 00:00:00+00:00,0.9895833333721384,2012-08-02 23:45:00+00:00,1.17357,0.004072803693370995,-1.1554487589151066
211,2012-08-10 00:00:00+00:00,0.71875,2012-08-10 17:15:00+00:00,1.16001,-0.011621759376953315,0.24741166024430206
212,2012-08-10 00:00:00+00:00,0.9895833333721384,2012-08-10 23:45:00+00:00,1.16288,0.0024710610148441416,-4.393402586681331
213,2012-08-14 00:00:00+00:00,0.65625,2012-08-14 15:45:00+00:00,1.11179,-0.044928357712289944,0.6916773851176907
214,2012-08-14 00:00:00+00:00,0.9895833333721384,2012-08-14 23:45:00+00:00,1.11948,0.006892962705408318,-0.20187944402757785
215,2012-08-22 00:00:00+00:00,0.6875,2012-08-22 16:30:00+00:00,1.11722,-0.0020208349524841033,0.5334669984425596
216,2012-08-30 00:00:00+00:00,0.9895833333721384,2012-08-30 23:45:00+00:00,1.12318,0.0053204910368211894,-0.15758827614452264
217,2012-09-11 00:00:00+00:00,0.38541666662786156,2012-09-11 09:15:00+00:00,1.12141,-0.0015771257707471048,0.48688704398926536
218,2012-09-11 00:00:00+00:00,0.6458333333721384,2012-09-11 15:30:00+00:00,1.12687,0.004857055823915959,-0.08962879480330076
219,2012-09-19 00:00:00+00:00,0.6979166666278616,2012-09-19 16:45:00+00:00,1.12586,-0.0008966898542429493,-0.037304815874095086
220,2012-09-27 00:00:00+00:00,0.84375,2012-09-27 20:15:00+00:00,1.12544,-0.0003731177585152384,-0.4531560989479763
221,2012-10-01 00:00:00+00:00,0.6458333333721384,2012-10-01 15:30:00+00:00,1.12034,-0.004541859636388994,1.1880322045093592
222,2012-10-09 00:00:00+00:00,0.9895833333721384,2012-10-09 23:45:00+00:00,1.13365,0.011810305023423067,-0.21082344638998934
223,2012-10-29 00:00:00+00:00,0.9895833333721384,2012-10-29 23:45:00+00:00,1.13126,-0.002110459918580881,0.5471774835139702
224,2012-11-06 00:00:00+00:00,0.5520833333721384,2012-11-06 13:15:00+00:00,1.13745,0.0054568590609834705,-0.11165325948394253
225,2012-11-14 00:00:00+00:00,0.625,2012-11-14 15:00:00+00:00,1.13618,-0.0011171563817192788,0.28076537168406646
226,2012-12-12 00:00:00+00:00,0.7916666666278616,2012-12-12 19:00:00+00:00,1.13937,0.0028037196191461715,-0.12024188806095415
227,2012-12-24 00:00:00+00:00,0.8229166666278616,2012-12-24 19:45:00+00:00,1.138,-0.001203142366205101,0.726713532513181
228,2013-01-09 00:00:00+00:00,0.7708333333721384,2013-01-09 18:30:00+00:00,1.14627,0.00724085693283469,-0.5129681488654405
229,2013-01-09 00:00:00+00:00,0.9895833333721384,2013-01-09 23:45:00+00:00,1.14039,-0.005142883472074484,0.1727479195713771
230,2013-01-17 00:00:00+00:00,0.42708333337213844,2013-01-17 10:15:00+00:00,1.14236,0.0017259888196768708,-0.7974719002766161
231,2013-01-21 00:00:00+00:00,0.9895833333721384,2013-01-21 23:45:00+00:00,1.13325,-0.00800668714575439,0.28413853959849994
232,2013-01-29 00:00:00+00:00,0.9895833333721384,2013-01-29 23:45:00+00:00,1.13647,0.0028373562908566266,0.0008799176396951495
233,2013-02-06 00:00:00+00:00,0.65625,2013-02-06 15:45:00+00:00,1.13648,8.799137684319815e-06,0.21381810502605894
234,2013-02-18 00:00:00+00:00,0.45833333337213844,2013-02-18 11:00:00+00:00,1.13891,0.0021358983944005797,-0.740181401515498
235,2013-02-26 00:00:00+00:00,0.07291666662786156,2013-02-26 01:45:00+00:00,1.13048,-0.007429343369409692,0.7085485811336842
236,2013-02-26 00:00:00+00:00,0.47916666662786156,2013-02-26 11:30:00+00:00,1.13849,0.00706050170368433,-0.6649158095372008
237,2013-02-26 00:00:00+00:00,0.65625,2013-02-26 15:45:00+00:00,1.13092,-0.006671362227649574,0.205142715665131
238,2013-03-14 00:00:00+00:00,0.7708333333721384,2013-03-14 18:30:00+00:00,1.13324,0.0020493258532517152,-6.987045992022875
239,2013-03-18 00:00:00+00:00,0.40625,2013-03-18 09:45:00+00:00,1.05406,-0.07243141212648747,0.7115344477544032
240,2013-03-18 00:00:00+00:00,0.65625,2013-03-18 15:45:00+00:00,1.06156,0.007090149855705981,-0.0009420098722696327
241,2013-03-18 00:00:00+00:00,0.90625,2013-03-18 21:45:00+00:00,1.06155,-9.420143092143032e-06,0.2298525740662237
242,2013-03-22 00:00:00+00:00,0.65625,2013-03-22 15:45:00+00:00,1.06399,0.0022958881712795407,-0.39474055207285613
243,2013-03-26 00:00:00+00:00,0.6875,2013-03-26 16:30:00+00:00,1.05979,-0.003955217089631092,0.3859255135451294
244,2013-04-03 00:00:00+00:00,0.9895833333721384,2013-04-03 23:45:00+00:00,1.06388,0.003851827314787613,-1.444711809602576
245,2013-04-19 00:00:00+00:00,0.6145833333721384,2013-04-19 14:45:00+00:00,1.04851,-0.01455249385541569,0.3996146913238706
246,2013-04-19 00:00:00+00:00,0.6770833333721384,2013-04-19 16:15:00+00:00,1.0527,0.0039881835263553935,0.27928184667996037
247,2013-04-23 00:00:00+00:00,0.9895833333721384,2013-04-23 23:45:00+00:00,1.05564,0.0027889257953042693,0.4376491985904351
248,2013-05-17 00:00:00+00:00,0.9895833333721384,2013-05-17 23:45:00+00:00,1.06026,0.004366942995435858,-0.15656537075811544
249,2013-05-21 00:00:00+00:00,0.75,2013-05-21 18:00:00+00:00,1.0586,-0.0015668806241319908,1.0145475155866213
250,2013-05-29 00:00:00+00:00,0.5625,2013-05-29 13:30:00+00:00,1.06934,0.010094355288939493,-0.003740625058451008
251,2013-05-29 00:00:00+00:00,0.9895833333721384,2013-05-29 23:45:00+00:00,1.0693,-3.740695021569818e-05,0.9688581314879031
252,2013-06-10 00:00:00+00:00,0.75,2013-06-10 18:00:00+00:00,1.07966,0.009641947976253258,-0.21303002797176598
253,2013-06-18 00:00:00+00:00,0.6770833333721384,2013-06-18 16:15:00+00:00,1.07736,-0.0021325725970775837,0.2209103735055902
254,2013-07-08 00:00:00+00:00,0.9895833333721384,2013-07-08 23:45:00+00:00,1.07974,0.002206667253034444,-0.22875877526070837
255,2013-07-12 00:00:00+00:00,0.8125,2013-07-12 19:30:00+00:00,1.07727,-0.0022902082786883703,0.6832084806965787
256,2013-07-16 00:00:00+00:00,0.5416666666278616,2013-07-16 13:00:00+00:00,1.08463,0.0068088518751061155,-0.24985478919078305
257,2013-07-16 00:00:00+00:00,0.9270833333721384,2013-07-16 22:15:00+00:00,1.08192,-0.0025016744717173208,1.0777136941733219
258,2013-08-01 00:00:00+00:00,0.6666666666278616,2013-08-01 16:00:00+00:00,1.09358,0.010719477500602377,-0.033833830172459396
259,2013-08-01 00:00:00+00:00,0.9895833333721384,2013-08-01 23:45:00+00:00,1.09321,-0.00033839555104124547,0.4692602519186687
260,2013-08-05 00:00:00+00:00,0.9895833333721384,2013-08-05 23:45:00+00:00,1.09834,0.004681626583726034,0.07374765555292326
261,2013-08-13 00:00:00+00:00,0.9895833333721384,2013-08-13 23:45:00+00:00,1.09915,0.0007372047533179006,0.2001546649683828
262,2013-09-06 00:00:00+00:00,0.6354166666278616,2013-09-06 15:15:00+00:00,1.10135,0.00199954622404053,-2.391610296454354
263,2013-09-30 00:00:00+00:00,0.9895833333721384,2013-09-30 23:45:00+00:00,1.07501,-0.024206736186088307,0.21767239374517527
264,2013-10-04 00:00:00+00:00,0.9895833333721384,2013-10-04 23:45:00+00:00,1.07735,0.0021743583061639674,-0.1262356708590549
265,2013-10-16 00:00:00+00:00,0.9895833333721384,2013-10-16 23:45:00+00:00,1.07599,-0.0012631541519964023,0.2184035167613151
266,2013-10-24 00:00:00+00:00,0.65625,2013-10-24 15:45:00+00:00,1.07834,0.002181653629751132,-0.19381642153682022
267,2013-11-01 00:00:00+00:00,0.9583333333721384,2013-11-01 23:00:00+00:00,1.07625,-0.0019400448860563634,0.18861788617885958
268,2013-11-13 00:00:00+00:00,0.7604166666278616,2013-11-13 18:15:00+00:00,1.07828,0.0018844022600808183,-0.37930778647474933
269,2013-11-21 00:00:00+00:00,0.41666666662786156,2013-11-21 10:00:00+00:00,1.07419,-0.0038002898273916314,0.23459536953426094
270,2013-11-21 00:00:00+00:00,0.9895833333721384,2013-11-21 23:45:00+00:00,1.07671,0.0023432062420653,-2.0181850266088386
271,2013-12-03 00:00:00+00:00,0.9895833333721384,2013-12-03 23:45:00+00:00,1.05498,-0.020388286032192567,0.4341314527289644
272,2013-12-27 00:00:00+00:00,0.34375,2013-12-27 08:15:00+00:00,1.05956,0.004331918206484186,-0.140624410132507
273,2013-12-27 00:00:00+00:00,0.9895833333721384,2013-12-27 23:45:00+00:00,1.05807,-0.0014072337904998367,0.09923729053843275
274,2014-01-08 00:00:00+00:00,0.9895833333721384,2014-01-08 23:45:00+00:00,1.05912,0.0009918808289145569,-0.24076591887605298
275,2014-01-20 00:00:00+00:00,0.9895833333721384,2014-01-20 23:45:00+00:00,1.05657,-0.002410562260819996,1.8834530603746111
276,2014-01-28 00:00:00+00:00,0.6354166666278616,2014-01-28 15:15:00+00:00,1.07647,0.01865935695647798,-0.15049188551468734
277,2014-02-05 00:00:00+00:00,0.6145833333721384,2014-02-05 14:45:00+00:00,1.07485,-0.001506052382914818,0.4903009722286724
278,2014-03-05 00:00:00+00:00,0.9895833333721384,2014-03-05 23:45:00+00:00,1.08012,0.004891029114849315,-1.214679850386996
279,2014-03-13 00:00:00+00:00,0.9895833333721384,2014-03-13 23:45:00+00:00,1.067,-0.012221173755240788,0.4095595126522948
280,2014-03-21 00:00:00+00:00,0.9583333333721384,2014-03-21 23:00:00+00:00,1.07137,0.00408723100639174,-0.06907044251752083
281,2014-03-25 00:00:00+00:00,0.7604166666278616,2014-03-25 18:15:00+00:00,1.07063,-0.0006909430713722879,3.2896518872066007
282,2014-04-02 00:00:00+00:00,0.9895833333721384,2014-04-02 23:45:00+00:00,1.10585,0.03236700977795761,-0.28032735000227
283,2014-04-30 00:00:00+00:00,0.48958333337213844,2014-04-30 11:45:00+00:00,1.10275,-0.002807210029681384,1.0646111992745486
284,2014-06-05 00:00:00+00:00,0.6458333333721384,2014-06-05 15:30:00+00:00,1.11449,0.010589841167152243,-0.23687964898742703
285,2014-06-13 00:00:00+00:00,0.9895833333721384,2014-06-13 23:45:00+00:00,1.11185,-0.002371606526760299,0.3543643477087786
286,2014-06-17 00:00:00+00:00,0.9895833333721384,2014-06-17 23:45:00+00:00,1.11579,0.0035373795662242405,-0.2697640236962114
287,2014-07-31 00:00:00+00:00,0.9895833333721384,2014-07-31 23:45:00+00:00,1.11278,-0.002701285425466734,2.1324969895217207
288,2014-09-09 00:00:00+00:00,0.7083333333721384,2014-09-09 17:00:00+00:00,1.13651,0.021100774431815395,-0.2261308743433812
289,2014-09-17 00:00:00+00:00,0.875,2014-09-17 21:00:00+00:00,1.13394,-0.0022638693630129473,0.27779247579236876
290,2014-09-25 00:00:00+00:00,0.6875,2014-09-25 16:30:00+00:00,1.13709,0.0027740734557130963,-0.13191567949765057
291,2014-10-03 00:00:00+00:00,0.9895833333721384,2014-10-03 23:45:00+00:00,1.13559,-0.0013200276482469731,0.22014987803696284
292,2014-10-07 00:00:00+00:00,0.6666666666278616,2014-10-07 16:00:00+00:00,1.13809,0.002199079032659908,-1.2354031754957835
293,2014-10-15 00:00:00+00:00,0.6354166666278616,2014-10-15 15:15:00+00:00,1.12403,-0.0124309771862139,0.3709865395051739
294,2014-10-15 00:00:00+00:00,0.9270833333721384,2014-10-15 22:15:00+00:00,1.1282,0.0037030008169624947,-0.9998227264669541
295,2014-10-23 00:00:00+00:00,0.42708333337213844,2014-10-23 10:15:00+00:00,1.11692,-0.01004854521335675,0.18622640833722037
296,2014-10-23 00:00:00+00:00,0.9895833333721384,2014-10-23 23:45:00+00:00,1.119,0.0018605322194062324,-0.29401251117068944
297,2014-10-31 00:00:00+00:00,0.38541666662786156,2014-10-31 09:15:00+00:00,1.11571,-0.002944455770077826,0.16312482634375716
298,2014-10-31 00:00:00+00:00,0.7083333333721384,2014-10-31 17:00:00+00:00,1.11753,0.00162991922312254,-0.3185596807244555
299,2014-11-04 00:00:00+00:00,0.7083333333721384,2014-11-04 17:00:00+00:00,1.11397,-0.0031906816224058923,0.25494402901336444
300,2014-11-12 00:00:00+00:00,0.9895833333721384,2014-11-12 23:45:00+00:00,1.11681,0.002546195980183551,-0.11819378408144515
301,2014-11-24 00:00:00+00:00,0.44791666662786156,2014-11-24 10:45:00+00:00,1.11549,-0.001182636880212579,2.290473244941681
302,2014-11-28 00:00:00+00:00,0.9895833333721384,2014-11-28 23:45:00+00:00,1.14104,0.02264635697263167,-0.5048026361915434
303,2014-12-18 00:00:00+00:00,0.39583333337213844,2014-12-18 09:30:00+00:00,1.13528,-0.005060810688884788,0.6826509759706788
304,2014-12-18 00:00:00+00:00,0.48958333337213844,2014-12-18 11:45:00+00:00,1.14303,0.0068033146432496215,0.13560448982090936
305,2015-01-15 00:00:00+00:00,0.47916666662786156,2015-01-15 11:30:00+00:00,1.14458,0.0013551262996728812,0.03232626815076111
306,2015-01-15 00:00:00+00:00,0.5208333333721384,2015-01-15 12:30:00+00:00,1.14495,0.0003232104433843342,-2.7232630245862257
307,2015-01-15 00:00:00+00:00,0.59375,2015-01-15 14:15:00+00:00,1.11377,-0.027610310937510558,0.13557556766658488
308,2015-01-15 00:00:00+00:00,0.8229166666278616,2015-01-15 19:45:00+00:00,1.11528,0.0013548374697542915,-2.6809411089591886
309,2015-01-23 00:00:00+00:00,0.5833333333721384,2015-01-23 14:00:00+00:00,1.08538,-0.027175338371881706,0.22296338609520064
310,2015-01-23 00:00:00+00:00,0.6354166666278616,2015-01-23 15:15:00+00:00,1.0878,0.002227151915909518,-0.04872219157934744
311,2015-01-23 00:00:00+00:00,0.6770833333721384,2015-01-23 16:15:00+00:00,1.08727,-0.0004873406469582212,4.521416023618797
312,2015-01-23 00:00:00+00:00,0.75,2015-01-23 18:00:00+00:00,1.13643,0.044221802444906186,-1.0119409026512909
313,2015-01-23 00:00:00+00:00,0.9895833333721384,2015-01-23 23:45:00+00:00,1.12493,-0.010170958306392846,0.25957170668397445
314,2015-01-27 00:00:00+00:00,0.6354166666278616,2015-01-27 15:15:00+00:00,1.12785,0.0025923540117301805,-1.5853171964357067
315,2015-01-27 00:00:00+00:00,0.71875,2015-01-27 17:15:00+00:00,1.10997,-0.015980177578029615,0.5982143661540584
316,2015-01-27 00:00:00+00:00,0.9895833333721384,2015-01-27 23:45:00+00:00,1.11661,0.0059643216805943325,-0.035822713391441774
317,2015-02-04 00:00:00+00:00,0.6979166666278616,2015-02-04 16:45:00+00:00,1.11621,-0.00035829131258164444,1.1476335098234194
318,2015-02-12 00:00:00+00:00,0.6354166666278616,2015-02-12 15:15:00+00:00,1.12902,0.011410981502479252,-0.6359497617402672
319,2015-02-12 00:00:00+00:00,0.6875,2015-02-12 16:30:00+00:00,1.12184,-0.006379805366212706,0.13816587035585845
320,2015-02-20 00:00:00+00:00,0.7083333333721384,2015-02-20 17:00:00+00:00,1.12339,0.0013807050914486912,-0.06943269924069138
321,2015-02-24 00:00:00+00:00,0.5416666666278616,2015-02-24 13:00:00+00:00,1.12261,-0.000694568149027256,0.5193255003963978
322,2015-03-12 00:00:00+00:00,0.35416666662786156,2015-03-12 08:30:00+00:00,1.12844,0.005179816561289353,-0.058487823898488604
323,2015-03-12 00:00:00+00:00,0.5416666666278616,2015-03-12 13:00:00+00:00,1.12778,-0.0005850493469836002,0.2997038429480873
324,2015-03-12 00:00:00+00:00,0.6666666666278616,2015-03-12 16:00:00+00:00,1.13116,0.0029925562630572083,-0.9591923335337199
325,2015-03-16 00:00:00+00:00,0.0,2015-03-16 00:00:00+00:00,1.12031,-0.009638222132852885,0.04016745365122702
326,2015-03-16 00:00:00+00:00,0.625,2015-03-16 15:00:00+00:00,1.12076,0.000401593886891533,-0.1784503372711376
327,2015-03-16 00:00:00+00:00,0.7604166666278616,2015-03-16 18:15:00+00:00,1.11876,-0.0017860974956157769,0.13944009439021826
328,2015-03-20 00:00:00+00:00,0.5520833333721384,2015-03-20 13:15:00+00:00,1.12032,0.0013934296696982912,-1.3862110825478475
329,2015-03-20 00:00:00+00:00,0.6458333333721384,2015-03-20 15:30:00+00:00,1.10479,-0.013959087124203112,0.31408684003295506
330,2015-03-20 00:00:00+00:00,0.7291666666278616,2015-03-20 17:30:00+00:00,1.10826,0.0031359461771857363,-0.9257755400357259
331,2015-03-20 00:00:00+00:00,0.9479166666278616,2015-03-20 22:45:00+00:00,1.098,-0.009300874749807422,0.32058287795992413
332,2015-03-24 00:00:00+00:00,0.39583333337213844,2015-03-24 09:30:00+00:00,1.10152,0.003200701066641019,-0.1933691626116607
333,2015-03-24 00:00:00+00:00,0.59375,2015-03-24 14:15:00+00:00,1.09939,-0.0019355636213993612,0.3174487670435417
334,2015-04-01 00:00:00+00:00,0.625,2015-04-01 15:00:00+00:00,1.10288,0.003169459622624143,-0.15595531698826398
335,2015-04-01 00:00:00+00:00,0.7083333333721384,2015-04-01 17:00:00+00:00,1.10116,-0.0015607705387931602,0.5076464818918217
336,2015-04-01 00:00:00+00:00,0.9895833333721384,2015-04-01 23:45:00+00:00,1.10675,0.005063623013701807,-0.10752202394396226
337,2015-04-09 00:00:00+00:00,0.5520833333721384,2015-04-09 13:15:00+00:00,1.10556,-0.0010757987034092263,0.21165744057310398
338,2015-04-13 00:00:00+00:00,0.65625,2015-04-13 15:45:00+00:00,1.1079,0.002114337617786162,0.22113909197579573
339,2015-04-13 00:00:00+00:00,0.6770833333721384,2015-04-13 16:15:00+00:00,1.11035,0.002208949393641123,0.8808033502949631
340,2015-04-13 00:00:00+00:00,0.9895833333721384,2015-04-13 23:45:00+00:00,1.12013,0.008769469061676187,-1.7783650112040708
341,2015-04-17 00:00:00+00:00,0.40625,2015-04-17 09:45:00+00:00,1.10021,-0.01794367932539531,0.3135764990320189
342,2015-04-21 00:00:00+00:00,0.5,2015-04-21 12:00:00+00:00,1.10366,0.003130858733186687,-1.364550676838888
343,2015-04-21 00:00:00+00:00,0.71875,2015-04-21 17:15:00+00:00,1.0886,-0.013739462389636472,0.8690060628329986
344,2015-04-29 00:00:00+00:00,0.6666666666278616,2015-04-29 16:00:00+00:00,1.09806,0.00865251938514632,-0.45352712966504416
345,2015-04-29 00:00:00+00:00,0.7291666666278616,2015-04-29 17:30:00+00:00,1.09308,-0.00454558684052713,0.26987960625022944
346,2015-04-29 00:00:00+00:00,0.9895833333721384,2015-04-29 23:45:00+00:00,1.09603,0.0026951608514021747,-0.6897621415472215
347,2015-05-07 00:00:00+00:00,0.40625,2015-05-07 09:45:00+00:00,1.08847,-0.006921519964900221,1.2990711732983031
348,2015-05-07 00:00:00+00:00,0.48958333337213844,2015-05-07 11:45:00+00:00,1.10261,0.012907056155391748,-0.5432564551382775
349,2015-05-07 00:00:00+00:00,0.7083333333721384,2015-05-07 17:00:00+00:00,1.09662,-0.005447374592206851,0.7258667542083829
350,2015-05-11 00:00:00+00:00,0.39583333337213844,2015-05-11 09:30:00+00:00,1.10458,0.007232450207007619,-0.14485143674517229
351,2015-05-11 00:00:00+00:00,0.44791666662786156,2015-05-11 10:45:00+00:00,1.10298,-0.001449564478577976,0.7352807847830277
352,2015-05-11 00:00:00+00:00,0.6770833333721384,2015-05-11 16:15:00+00:00,1.11109,0.007325907736625526,-0.13320253084807945
353,2015-05-11 00:00:00+00:00,0.9895833333721384,2015-05-11 23:45:00+00:00,1.10961,-0.001332913242780199,1.7961265669920063
354,2015-05-15 00:00:00+00:00,0.6979166666278616,2015-05-15 16:45:00+00:00,1.12954,0.017801867964275474,-0.7153354462878772
355,2015-05-15 00:00:00+00:00,0.8958333333721384,2015-05-15 21:30:00+00:00,1.12146,-0.007179062374814985,0.18636420380576635
356,2015-05-19 00:00:00+00:00,0.6770833333721384,2015-05-19 16:15:00+00:00,1.12355,0.0018619076118000072,-0.46815896043790145
357,2015-05-27 00:00:00+00:00,0.6979166666278616,2015-05-27 16:45:00+00:00,1.11829,-0.004692582568106268,0.4873512237433899
358,2015-05-27 00:00:00+00:00,0.7604166666278616,2015-05-27 18:15:00+00:00,1.12374,0.004861675119982206,-0.1726377987790817
359,2015-06-04 00:00:00+00:00,0.6875,2015-06-04 16:30:00+00:00,1.1218,-0.00172786989558098,-0.08022820467105553
360,2015-06-08 00:00:00+00:00,0.39583333337213844,2015-06-08 09:30:00+00:00,1.1209,-0.0008026040471867355,-0.9421000981354183
361,2015-06-08 00:00:00+00:00,0.625,2015-06-08 15:00:00+00:00,1.11034,-0.00946565931656277,0.9762775366104041
362,2015-06-12 00:00:00+00:00,0.40625,2015-06-12 09:45:00+00:00,1.12118,0.009715427390365334,-0.31930644499546357
363,2015-06-12 00:00:00+00:00,0.71875,2015-06-12 17:15:00+00:00,1.1176,-0.0031981731581002633,0.8947745168217617
364,2015-06-16 00:00:00+00:00,0.39583333337213844,2015-06-16 09:30:00+00:00,1.1276,0.008907951297205428,-0.35916991841077395
365,2015-06-24 00:00:00+00:00,0.4375,2015-06-24 10:30:00+00:00,1.12355,-0.003598164822015939,0.4841796092741657
366,2015-06-24 00:00:00+00:00,0.84375,2015-06-24 20:15:00+00:00,1.12899,0.004830112296567865,-0.3808713983294777
367,2015-07-02 00:00:00+00:00,0.6354166666278616,2015-07-02 15:15:00+00:00,1.12469,-0.003815985603952375,0.24362268714045332
368,2015-07-06 00:00:00+00:00,0.03125,2015-07-06 00:45:00+00:00,1.12743,0.002433264081762787,-0.9597048153765494
369,2015-07-06 00:00:00+00:00,0.11458333337213844,2015-07-06 02:45:00+00:00,1.11661,-0.009643396597609532,0.6904828006197224
370,2015-07-06 00:00:00+00:00,0.33333333337213844,2015-07-06 08:00:00+00:00,1.12432,0.006881098849177182,-0.8147146719795128
371,2015-07-10 00:00:00+00:00,0.04166666662786156,2015-07-10 01:00:00+00:00,1.11516,-0.008180516086639358,1.3504788550521964
372,2015-07-10 00:00:00+00:00,0.41666666662786156,2015-07-10 10:00:00+00:00,1.13022,0.013414411664934543,-0.5317548795809728
373,2015-07-14 00:00:00+00:00,0.45833333337213844,2015-07-14 11:00:00+00:00,1.12421,-0.005331737279395698,2.0476601346723515
374,2015-07-22 00:00:00+00:00,0.8125,2015-07-22 19:30:00+00:00,1.14723,0.020269774388262177,-4.272900813263257
375,2015-07-30 00:00:00+00:00,0.9895833333721384,2015-07-30 23:45:00+00:00,1.09821,-0.04366875951822827,0.7657916063412307
376,2015-08-07 00:00:00+00:00,0.71875,2015-08-07 17:15:00+00:00,1.10662,0.007628743065781084,-3.4383980047351317
377,2015-08-11 00:00:00+00:00,0.40625,2015-08-11 09:45:00+00:00,1.06857,-0.03498901866468186,0.3649737499649077
378,2015-08-19 00:00:00+00:00,0.71875,2015-08-19 17:15:00+00:00,1.07247,0.0036430933690553657,-0.9259000251755288
379,2015-08-19 00:00:00+00:00,0.8958333333721384,2015-08-19 21:30:00+00:00,1.06254,-0.009302131234212856,0.18822820787923294
380,2015-08-27 00:00:00+00:00,0.7395833333721384,2015-08-27 17:45:00+00:00,1.06454,0.001880512805712964,-0.2996599470193723
381,2015-08-31 00:00:00+00:00,0.05208333337213844,2015-08-31 01:15:00+00:00,1.06135,-0.003001098264022786,0.06501154190418612
382,2015-08-31 00:00:00+00:00,0.8958333333721384,2015-08-31 21:30:00+00:00,1.06204,0.0006499041855586857,0.09792474859703305
383,2015-09-04 00:00:00+00:00,0.6458333333721384,2015-09-04 15:30:00+00:00,1.06308,0.0009787683359296377,3.696805508522396
384,2015-09-08 00:00:00+00:00,0.6979166666278616,2015-09-08 16:45:00+00:00,1.10238,0.0363011236477571,-1.535768065458362
385,2015-09-16 00:00:00+00:00,0.6354166666278616,2015-09-16 15:15:00+00:00,1.08545,-0.01547683132493397,0.016582984015852318
386,2015-09-24 00:00:00+00:00,0.7083333333721384,2015-09-24 17:00:00+00:00,1.08563,0.00016581609191050874,-0.29291747648832317
387,2015-09-28 00:00:00+00:00,0.6979166666278616,2015-09-28 16:45:00+00:00,1.08245,-0.0029334731932355177,0.5007159684050054
388,2015-10-02 00:00:00+00:00,0.6354166666278616,2015-10-02 15:15:00+00:00,1.08787,0.004994665549394362,0.32448730087234995
389,2015-10-06 00:00:00+00:00,0.7291666666278616,2015-10-06 17:30:00+00:00,1.0914,0.0032396197692977965,0.534176287337365
390,2015-10-30 00:00:00+00:00,0.34375,2015-10-30 08:15:00+00:00,1.09723,0.005327546263442517,-2.1189723212088616
391,2015-11-19 00:00:00+00:00,0.65625,2015-11-19 15:45:00+00:00,1.07398,-0.021417448094084513,0.04469356971266094
392,2015-11-23 00:00:00+00:00,0.6458333333721384,2015-11-23 15:30:00+00:00,1.07446,0.00044683585111665575,0.09213930718687027
393,2015-12-01 00:00:00+00:00,0.6979166666278616,2015-12-01 16:45:00+00:00,1.07545,0.0009209688498358336,0.3533404621321331
394,2015-12-01 00:00:00+00:00,0.9895833333721384,2015-12-01 23:45:00+00:00,1.07925,0.003527176813144948,-0.11952744961779137
395,2015-12-17 00:00:00+00:00,0.40625,2015-12-17 09:45:00+00:00,1.07796,-0.0011959894064713693,1.2644253961185972
396,2015-12-17 00:00:00+00:00,0.9895833333721384,2015-12-17 23:45:00+00:00,1.09159,0.012564982898321232,-0.48094980716202756
397,2015-12-21 00:00:00+00:00,0.9895833333721384,2015-12-21 23:45:00+00:00,1.08634,-0.004821100925020246,0.2420973175985336
398,2016-01-06 00:00:00+00:00,0.125,2016-01-06 03:00:00+00:00,1.08897,0.0024180473417187314,-0.7254561649999557
399,2016-01-06 00:00:00+00:00,0.8645833333721384,2016-01-06 20:45:00+00:00,1.08107,-0.007281003944817952,0.1470765075342004
400,2016-01-06 00:00:00+00:00,0.9895833333721384,2016-01-06 23:45:00+00:00,1.08266,0.0014696845597153103,-0.29926292649584446
401,2016-01-14 00:00:00+00:00,0.9895833333721384,2016-01-14 23:45:00+00:00,1.07942,-0.0029971161338432943,2.5022697374515923
402,2016-01-22 00:00:00+00:00,0.71875,2016-01-22 17:15:00+00:00,1.10643,0.024714756125217244,0.0036152309680720883
403,2016-01-22 00:00:00+00:00,0.9895833333721384,2016-01-22 23:45:00+00:00,1.10647,3.6151656201794705e-05,0.6181821468272938
404,2016-02-03 00:00:00+00:00,0.8229166666278616,2016-02-03 19:45:00+00:00,1.11331,0.0061627923925722475,-0.4509076537532246
405,2016-02-03 00:00:00+00:00,0.9166666666278616,2016-02-03 22:00:00+00:00,1.10829,-0.004519273086033249,
